footballTeam
/sport/football/teams/aberdeen
/sport/football/teams/accrington-stanley
/sport/football/teams/afc-bournemouth
/sport/football/teams/afc-telford-united
/sport/football/teams/afc-wimbledon
/sport/football/teams/airdrieonians
/sport/football/teams/albion-rovers
/sport/football/teams/aldershot-town
/sport/football/teams/alfreton-town
/sport/football/teams/alloa-athletic
/sport/football/teams/altrincham
/sport/football/teams/annan-athletic
/sport/football/teams/arbroath
/sport/football/teams/arsenal
/sport/football/teams/aston-villa
/sport/football/teams/ayr-united
/sport/football/teams/barnet
/sport/football/teams/barnsley
/sport/football/teams/berwick-rangers
/sport/football/teams/birmingham-city
/sport/football/teams/blackburn-rovers
/sport/football/teams/blackpool
/sport/football/teams/bolton-wanderers
/sport/football/teams/bradford-city
/sport/football/teams/braintree-town
/sport/football/teams/brechin-city
/sport/football/teams/brentford
/sport/football/teams/brighton-and-hove-albion
/sport/football/teams/bristol-city
/sport/football/teams/bristol-rovers
/sport/football/teams/burnley
/sport/football/teams/burton-albion
/sport/football/teams/bury
/sport/football/teams/cambridge-united
/sport/football/teams/cardiff-city
/sport/football/teams/carlisle-united
/sport/football/teams/celtic
/sport/football/teams/charlton-athletic
/sport/football/teams/chelsea
/sport/football/teams/cheltenham-town
/sport/football/teams/chester
/sport/football/teams/chesterfield
/sport/football/teams/clyde
/sport/football/teams/colchester-united
/sport/football/teams/coventry-city
/sport/football/teams/cowdenbeath
/sport/football/teams/crawley-town
/sport/football/teams/crewe-alexandra
/sport/football/teams/crystal-palace
/sport/football/teams/dagenham-and-redbridge
/sport/football/teams/dartford
/sport/football/teams/derby-county
/sport/football/teams/doncaster-rovers
/sport/football/teams/dover-athletic
/sport/football/teams/dumbarton
/sport/football/teams/dundee
/sport/football/teams/dundee-united
/sport/football/teams/dunfermline-athletic
/sport/football/teams/east-fife
/sport/football/teams/east-stirlingshire
/sport/football/teams/eastleigh
/sport/football/teams/elgin-city
/sport/football/teams/england
/sport/football/teams/everton
/sport/football/teams/exeter-city
/sport/football/teams/falkirk
/sport/football/teams/fleetwood-town
/sport/football/teams/forest-green-rovers
/sport/football/teams/forfar-athletic
/sport/football/teams/fulham
/sport/football/teams/gateshead
/sport/football/teams/gillingham
/sport/football/teams/greenock-morton
/sport/football/teams/grimsby-town
/sport/football/teams/halifax
/sport/football/teams/hamilton-academical
/sport/football/teams/hartlepool-united
/sport/football/teams/heart-of-midlothian
/sport/football/teams/hibernian
/sport/football/teams/huddersfield-town
/sport/football/teams/hull-city
/sport/football/teams/inverness-caledonian-thistle
/sport/football/teams/ipswich-town
/sport/football/teams/kidderminster-harriers
/sport/football/teams/kilmarnock
/sport/football/teams/leeds-united
/sport/football/teams/leicester-city
/sport/football/teams/leyton-orient
/sport/football/teams/lincoln-city
/sport/football/teams/liverpool
/sport/football/teams/livingston
/sport/football/teams/luton-town
/sport/football/teams/macclesfield-town
/sport/football/teams/manchester-city
/sport/football/teams/manchester-united
/sport/football/teams/mansfield-town
/sport/football/teams/middlesbrough
/sport/football/teams/millwall
/sport/football/teams/milton-keynes-dons
/sport/football/teams/montrose
/sport/football/teams/morecambe
/sport/football/teams/motherwell
/sport/football/teams/newcastle-united
/sport/football/teams/newport-county
/sport/football/teams/northampton-town
/sport/football/teams/northern-ireland
/sport/football/teams/norwich-city
/sport/football/teams/nottingham-forest
/sport/football/teams/notts-county
/sport/football/teams/nuneaton-town
/sport/football/teams/oldham-athletic
/sport/football/teams/oxford-united
/sport/football/teams/partick-thistle
/sport/football/teams/peterborough-united
/sport/football/teams/peterhead
/sport/football/teams/plymouth-argyle
/sport/football/teams/port-vale
/sport/football/teams/portsmouth
/sport/football/teams/preston-north-end
/sport/football/teams/queen-of-the-south
/sport/football/teams/queens-park
/sport/football/teams/queens-park-rangers
/sport/football/teams/raith-rovers
/sport/football/teams/rangers
/sport/football/teams/reading
/sport/football/teams/republic-of-ireland
/sport/football/teams/rochdale
/sport/football/teams/ross-county
/sport/football/teams/rotherham-united
/sport/football/teams/scotland
/sport/football/teams/scunthorpe-united
/sport/football/teams/sheffield-united
/sport/football/teams/sheffield-wednesday
/sport/football/teams/shrewsbury-town
/sport/football/teams/southampton
/sport/football/teams/southend-united
/sport/football/teams/southport
/sport/football/teams/st-johnstone
/sport/football/teams/st-mirren
/sport/football/teams/stenhousemuir
/sport/football/teams/stevenage
/sport/football/teams/stirling-albion
/sport/football/teams/stoke-city
/sport/football/teams/stranraer
/sport/football/teams/sunderland
/sport/football/teams/swansea-city
/sport/football/teams/swindon-town
/sport/football/teams/torquay-united
/sport/football/teams/tottenham-hotspur
/sport/football/teams/tranmere-rovers
/sport/football/teams/wales
/sport/football/teams/walsall
/sport/football/teams/watford
/sport/football/teams/welling-united
/sport/football/teams/west-bromwich-albion
/sport/football/teams/west-ham-united
/sport/football/teams/wigan-athletic
/sport/football/teams/woking
/sport/football/teams/wolverhampton-wanderers
/sport/football/teams/wrexham
/sport/football/teams/wycombe-wanderers
/sport/football/teams/yeovil-town
/sport/football/teams/york-city
